REG NO,FIRST NAME,LAST NAME,REG STATUS
5978,Komal Ali,Abbas,Registered
1662,Vince,Abela,Registered
3731,Murray,Ackroyd,Registered
1960,Matthew,Adams,Registered
5201,Ursula,Adams,Registered
2496,Ian,Adamson,Registered
6164,Kevin,Adasko,Registered
5422,Kirsty,Addison,Registered
5518,Simon,Adnitt,Registered
5220,Lance,Adolph,Registered
5571,Gregory,Adsett,Registered
3384,Rob,Aerts,Registered
3509,Jennie,Aerts,Registered
4265,Heber,Ah Mu,Registered
1958,Paul,Ahmad,Registered
1954,Jane,Aimer,Registered
3420,Chris,Ainsworth,Registered
5240,Richard,Ainsworth,Registered
1269,Brian,Aitken,Registered
3498,Jo,Aitken,Registered
3649,Rula,Alatia,Registered
2163,Emma,Alcock,Registered
5690,Keziah,Alcorn,Registered
5398,Dan,Alexander,Registered
5741,Helena,Alexander,Registered
,,,
1496,Bill,Algie,Registered
2426,Graham,Allen,Registered
3775,Luke,Allen,Registered
5237,Russell,Allen,Registered
5407,Rachel,Allen,Registered
5768,Anthony,Allen,Registered
3601,Cymon,Allfrey,Registered
1704,Everard,Allison,Registered
5375,Peter,Allison,Registered
4226,Richard,Almand,Registered
3043,Haitham,Alrubayee,Registered
6167,Dahlia,Al-Timimi,Registered
3319,Maan,Alzaher,Registered
4913,Madushin,Amarasekera,Registered
3511,Jorgen,Andersen,Registered
1962,Andy,Anderson,Registered
2170,John,Anderson,Registered
2619,Anthony,Anderson,Registered
3059,Christian,Anderson,Registered
5513,Shaun,Anderson,Registered
5053,Hannah,Andrew,Registered
2859,Mike,Angelo,Registered
3562,Mark,Ansell,Registered
2056,Sara,Antonievich,Registered
6014,Sally,Apthorp,Registered
,,,
6193,Ana,Aranguren Sanchez-Ostiz,Registered
3021,Arch,Archbold,Registered
4270,Matthew,Argyle,Registered
1368,Neil,Armstrong,Registered
4926,Tim,Asby,Registered
5007,Christopher,Ashford,Registered
3044,Tammy,Ashley,Registered
2269,Peter,Ashton,Registered
3201,Sam,Atcheson,Registered
3146,Zac,Athfield,Registered
5158,Jaimin,Atkins,Registered
4946,Sol,Atkinson,Registered
2985,Carsten,Auer,Registered
5016,Daryl,Austin,Registered
1617,Kerry,Avery,Registered
3314,Patrick,Avery,Registered
4957,Evelyn,Axten,Registered
3202,Treiz,Azzu,Registered
5024,Joshua,Bacon,Registered
2250,Richard,Baigent,Registered
2635,Jason,Bailey,Registered
2289,David,Baird,Registered
1863,Barbara,Baker,Registered
2202,Nick,Baker,Registered
5416,John,Baker,Registered
,,,
5456,Reg,Baker,Registered
2057,Hans,Bakker,Registered
1328,Don,Baldwinson,Registered
3203,Nigel,Ball,Registered
2962,Nic,Ballara,Registered
3590,Paul,Bankier,Registered
5138,Andrew,Banks,Registered
1329,John,Bannatyne,Registered
2868,Grant,Bannatyne,Registered
5308,Matthew,Barbour,Registered
1772,Andrew,Barclay,Registered
4874,Karl,Barker,Registered
5319,Juliet,Barker,Registered
2516,Terry,Barnes,Registered
3153,Martin,Barr,Registered
5888,James,Barr,Registered
2058,Nicholas,Barratt-Boyes,Registered
5336,Hector,Barrientos,Registered
4353,Daniel,Barrington,Registered
3204,Marc,Barron,Registered
5861,Duncan,Barron,Registered
2906,Grant,Barrowman,Registered
2862,Paul,Barry,Registered
5257,Caroline,Bartlett,Registered
1549,Antony James,Bartley,Registered
,,,
1813,Tim,Barton,Registered
5300,Melodi,Barzandeh,Registered
2639,Joseph,Bashouri,Registered
5631,Aishwarya,Basrur,Registered
4322,Chris,Bassett,Registered
6077,Emily,Batchelor,Registered
2821,Mark,Bates,Registered
5425,Samuel,Baxter,Registered
1931,Mark,Baylis,Registered
5180,Amy,Bayliss,Registered
5391,Richard,Beatson,Registered
3060,Roger,Beattie,Registered
2023,Peter,Beaumont,Registered
5369,Brad,Beazley,Registered
3385,Ute,Becker,Registered
5998,Justin,Beckermann,Registered
4882,Christopher,Beer,Registered
2478,Adam,Begg,Registered
4904,Kate,Beilby,Registered
2009,Warwick,Bell,Registered
3022,Andrea,Bell,Registered
3150,Gabrielle,Bell,Registered
5302,Anya,Bell,Registered
3705,Delia,Bellaby,Registered
3550,Elsa,Benjamin,Registered
,,,
1822,John,Bennett,Registered
3180,Jeremy,Bennett,Registered
6008,Sian,Bennett,Registered
5124,Vance,Bentley,Registered
2730,Jason,Benton,Registered
5530,Holly,Beresford,Registered
5143,Sarah,Berry,Registered
4870,Sarah,Bertie,Registered
3713,Christian,Bertschinger,Registered
2034,Nick,Bevin,Registered
2362,Murali,Bhaskar,Registered
6127,Tuhiena,Bhaumik,Registered
2440,Stephen,Bigwood,Registered
1497,Glyn,Bilkey,Registered
1647,Robyn,Bilkey,Registered
6203,Dikesh,Billmoria,Registered
2966,Michael,Bilsborough,Registered
5037,Grant,Bindon,Registered
5229,Craig,Birch,Registered
2721,Stephen,Bird,Registered
3205,Chad,Bishop,Registered
5131,Andre,Bishop,Registered
5905,Sophie,Bishop,Registered
2524,James,Blackburne,Registered
1212,John,Blair,Registered
,,,
5576,Tim,Bland,Registered
4235,Simon,Blencowe,Registered
5298,Heather,Blewett,Registered
2574,Marcus,Bliem,Registered
6112,Carla,Blitvich,Registered
2184,Roy,Blok,Registered
4214,Andrew,Bluck,Registered
5328,Zachary,Blue,Registered
5249,Laura,Blundell,Registered
2780,Gerald,Blunt,Registered
2805,Biba,Boban,Registered
2920,Glenn,Bodger,Registered
4963,Matthew,Body,Registered
1970,Nicholas,Bollen,Registered
3141,Nic,Bonaventure,Registered
2750,Nigel,Bond,Registered
2832,Grant,Boniface,Registered
5911,Lily,Bonnington,Registered
5948,Brad,Bonnington,Registered
701,Terry,Boon,Registered
5401,Ricky,Booth,Registered
6027,Louise,Booth,Registered
3196,Wulf,Borrmeister,Registered
2754,John,Borsboom,Registered
2680,Richard,Bos,Registered
,,,
1801,Pete,Bossley,Registered
1915,Achilles,Botes,Registered
5715,Philip,Botting,Registered
3248,Melanie,Bourke,Registered
5670,Matthew,Bourne,Registered
5010,Trevor,Boustead,Registered
2869,Tony,Bouwmeester,Registered
5793,Margot,Bowen,Registered
2036,Malcolm,Bowes,Registered
1819,Christopher,Bowkett,Registered
2095,Ian,Bowman,Registered
5519,Piers,Bowman,Registered
4983,Michael,Boyce,Registered
2229,Hamish,Boyd,Registered
5246,Diana,Braaksma,Registered
3061,Craig,Bradford,Registered
3576,Agneesh,Brahmbhatt,Registered
1760,Diane,Brand,Registered
5293,Dan,Branda,Registered
2456,Maxine,Brannigan,Registered
3098,Glenn,Brebner,Registered
5706,Francois,Breedt,Registered
5103,Felicity,Brenchley,Registered
514,Ben,Brenton,Registered
4135,Richard,Breslin,Registered
,,,
5132,Marie,Breustedt,Registered
2624,Matthew,Brew,Registered
2290,Kevin,Brewer,Registered
2773,Michael,Brewerton,Registered
5588,Jeremy,Brick,Registered
4334,Jeff,Brickell,Registered
4995,Isaac,Bright,Registered
5482,Toni-Rose,Brookes,Registered
5508,Brunilda,Brookes,Registered
2420,Conway,Brooks,Registered
1382,Ross,Brown,Registered
2204,Ewan,Brown,Registered
2766,Paul,Brown,Registered
3300,Mathew,Brown,Registered
5019,Simon,Brown,Registered
5596,Sam,Brown,Registered
6005,Dulcie,Brown,Registered
6019,Eiva,Brown,Registered
2989,Kimberly,Browne,Registered
2698,Leon,Browning,Registered
5844,Sharlene,Browning,Registered
2024,Alec,Bruce,Registered
5533,Rob,Bruns,Registered
1384,Ken,Bryant,Registered
5032,Christoph,Buch,Registered
,,,
3527,Maree,Buchanan,Registered
3532,Andrew,Buchanan,Registered
2841,Dominic,Buckell,Registered
5313,Jerome,Buckwell,Registered
2248,Jeanette,Budgett,Registered
3193,Eric,Buhrs,Registered
1396,John,Bukowski,Registered
2247,Andrew,Bull,Registered
4239,David,Bullen-Smith,Registered
1797,Neil,Buller,Registered
2552,Grant,Bulley,Registered
2949,Amanda,Bulman,Registered
3045,Daniel,Bulog,Registered
1627,Tony,Burge,Registered
6206,Ryan,Burge,Registered
1946,Graeme,Burgess,Registered
5567,Mark,Burke-Damaschke,Registered
4987,Amy,Burn,Registered
5314,Nick,Burn,Registered
2207,Tim,Burns,Registered
1224,Ian,Burrow,Registered
5592,Stirling,Burrows,Registered
3563,Craig,Burt,Registered
2091,Clare,Bush,Registered
5726,Nicolo,Businco,Registered
,,,
2125,Dean,Bussell,Registered
2216,Ian,Butcher,Registered
4211,Hugh,Byrd,Registered
5221,Lutao,Cai,Registered
5186,Jaden,Cairncross,Registered
2782,Daryl,Calder,Registered
5310,Mike,Callaghan,Registered
2592,Sue,Cambie,Registered
1988,Hamish,Cameron,Registered
2546,Fraser,Cameron,Registered
2655,Sarah,Cameron,Registered
3099,Duncan,Cameron,Registered
3217,Amber,Cameron,Registered
5714,Beth,Cameron,Registered
3062,Philippe,Campays,Registered
1580,Colin,Campbell,Registered
2380,Colin,Campbell,Registered
2570,Rob,Campbell,Registered
2771,Graeme,Campbell,Registered
3103,Mary,Campbell,Registered
2617,Russell,Cannons,Registered
4313,Mitchel,Cantlon,Registered
3761,Max,Capocaccia,Registered
5812,Sam,Caradus,Registered
5689,Tara-Lee,Carden,Registered
,,,
2174,Darryl,Carey,Registered
6097,Louise,Carey,Registered
2149,Philip,Carling,Registered
4321,Mark,Carnachan,Registered
5236,Kate,Carr,Registered
5644,Michael,Carr,Registered
5129,Anne,Carrington,Registered
3249,Maggie,Carroll,Registered
5064,Vanessa,Carswell,Registered
2385,Kathryn,Carter,Registered
3104,Mike,Carter,Registered
5255,Lucy,Carter,Registered
3539,Nigel,Case,Registered
4947,Ian,Cattoen-Gilbert,Registered
2789,Vladimir,Cekus,Registered
4357,Kirsty,Chamberlain,Registered
1686,Claire,Chambers,Registered
2416,Richard,Chambers,Registered
3251,Steven,Chambers,Registered
3063,Rico,Chan,Registered
5692,Edith,Chan,Registered
5782,Gary,Chan,Registered
5445,Arturo,Chan Mow,Registered
5191,Beth,Chaney-Walker,Registered
4862,Miranda,Chang,Registered
,,,
4980,Yuchung,Chang,Registered
6188,Duncan,Chang,Registered
2651,Martin,Chant,Registered
2499,John,Chaplin,Registered
2631,Matt,Chaplin,Registered
1280,Hugh,Chapman,Registered
3064,Clive,Chapman,Registered
5794,Maria,Chen,Registered
5970,Han,Chen,Registered
3252,Elizabeth,Cheng,Registered
3434,Joanne,Cheng,Registered
4912,Bernard,Cheng,Registered
1961,Pip,Cheshire,Registered
5652,Glen,Cheung,Registered
6033,Hew,Chew,Registered
5469,Kenny,Chia,Registered
1947,Peter,Chibnall,Registered
2021,David,Childs,Registered
2018,Ronald,Chin,Registered
2518,Anna-Marie,Chin,Registered
2739,Denis,Chin,Registered
2940,Bruce,Chin,Registered
2503,Pauline,Ching,Registered
2104,Dennis,Chippindale,Registered
5245,Clio,Chiu,Registered
,,,
2098,Thomas,Chong,Registered
3065,Anner,Chong,Registered
3624,Lulu,Chow,Registered
5956,Jeffrey,Chow,Registered
1759,Fiona,Christeller,Registered
2611,Felicity,Christian,Registered
3101,Fiona,Christie,Registered
6045,Alexander,Christos,Registered
3555,Christopher,Chung,Registered
5273,Betty,Chung,Registered
5282,Raymond,Chung,Registered
2181,Denise,Civil,Registered
2037,George,Clarke,Registered
2510,Paul,Clarke,Registered
4253,Tony,Clarke,Registered
2535,Simon,Clarkson,Registered
5035,Natalie,Clausen,Registered
2146,Frank,Cleary,Registered
5442,Shelly,Clement,Registered
2543,Paul,Clements,Registered
3207,Daniel,Clendon,Registered
1927,Guy,Cleverley,Registered
1806,Patrick,Clifford,Registered
5957,Duane,Coad,Registered
5078,Tristan,Coakley,Registered
,,,
2527,Amanda,Coats,Registered
1713,Brian,Cocker,Registered
4341,Natasha,Cockerell,Registered
3254,Andrea,Codd,Registered
2958,Gerald,Cogan,Registered
5523,Nathalya,Colaco,Registered
2251,Mike,Cole,Registered
2867,David,Cole,Registered
6062,Jonathan,Cole,Registered
1748,Frank,Coleman,Registered
6004,Chloe,Coles,Registered
5348,Mitchell,Coll,Registered
3372,Tristram,Collett,Registered
4263,Rohan,Collett,Registered
1973,Ken,Collins,Registered
5597,Kathryn,Collins,Registered
3148,Matt,Coltart,Registered
6316,Tom,Commerford,Registered
3325,Barry,Condon,Registered
2154,Brendan,Conroy,Registered
5061,Julie,Cook,Registered
6153,David,Cook,Registered
5287,Laura,Cooke,Registered
6037,Jeanette,Cooke,Registered
3530,John,Coop,Registered
,,,
2189,Gavin,Cooper,Registered
3302,Michelle,Cooper,Registered
4994,Michael,Cooper,Registered
4997,Renee,Cooper,Registered
5549,Tara,Cooper,Registered
2408,Barry,Copeland,Registered
2107,Ian,Corbett,Registered
4306,Brita,Corbett,Registered
3255,Katie,Corner,Registered
1974,John,Cornthwaite,Registered
5114,Glen,Cornwell,Registered
2802,John,Corrick,Registered
1765,Colin,Corsbie,Registered
2671,Ged,Cosgrove,Registered
5110,Elizabeth,Cotter,Registered
1464,Neil,Cotton,Registered
3066,Alec,Couchman,Registered
3387,Ronwyn,Coulson,Registered
2627,Roger,Course,Registered
1717,Nick,Courtney,Registered
5100,Dean,Cowell,Registered
5677,Anna,Cowper,Registered
2710,Lianne,Cox,Registered
2863,Ashley,Cox,Registered
3102,Scott,Cracknell,Registered
,,,
2577,Thom,Craig,Registered
2822,Jeremy,Craig,Registered
2955,David,Craig,Registered
3054,Andrew,Craig,Registered
4212,James,Craig,Registered
5123,Campbell,Craig,Registered
1831,Deborah,Cranko,Registered
4907,Mark,Craven,Registered
3520,Paul,Crawford,Registered
5377,Paul,Crawford,Registered
5516,Cate,Creemers,Registered
3145,Gregg,Crimp,Registered
3117,Michael,Croft,Registered
6241,Jonathan,Croft,Registered
2981,Stephen,Crooks,Registered
6132,Daniel,Crooks,Registered
2659,Steve,Cropp,Registered
2108,Ken,Crosson,Registered
6056,Harry,Croucher,Registered
2580,Graham,Crust,Registered
5266,Peter,Cui,Registered
1397,Clive,Cullen,Registered
1939,Garry,Cullen,Registered
2564,Ian,Cumberpatch,Registered
1922,Paul,Cummack,Registered
,,,
5539,Michael,Cumming,Registered
4935,Camden,Cummings,Registered
2238,Robert,Cunningham,Registered
3450,Judith,Cunningham,Registered
2968,Anthony,Curl,Registered
2588,Bruce,Curtain,Registered
2922,Carol,Curtis,Registered
5142,Sam,Curtis,Registered
6230,Josh,Curtis,Registered
3529,Anene,Cusins-Lewer,Registered
3169,Sarah,Cutler,Registered
6137,Michael,Cyra,Registered
1173,Barry,Dacombe,Registered
2383,Kent,Dadson,Registered
2490,Tim,Dagg,Registered
2093,Alisdair,Daines,Registered
707,John,Daish,Registered
2820,Mary,Daish,Registered
2797,Mahendra,Daji,Registered
2454,Craig,Dalgleish,Registered
2292,Gordon,Dalkie,Registered
3200,Ben,Dallimore,Registered
2201,Richard,Dalman,Registered
4271,Nicholas,Dalton,Registered
5309,Michael,Dalton,Registered
,,,
2714,Andrew,Daly,Registered
5046,Tim,Daniel,Registered
2293,Richard,Daniels,Registered
1886,John,D'Anvers,Registered
5184,Stephanie,Darlington,Registered
2316,Peter,Davidson,Registered
1890,Brian,Davies,Registered
2679,Michael,Davies,Registered
2696,Hamish,Davies,Registered
4283,Michael,Davies,Registered
2138,Tony,Davis,Registered
2340,Ken,Davis,Registered
2389,Michael,Davis,Registered
2761,Michael,Davis,Registered
5483,Emma,Davis,Registered
5953,Polly,Dawes,Registered
2858,Lisa,Day,Registered
1388,Greg,Dayman,Registered
5535,Amanda,Daysh,Registered
2923,Andre,De Graaf,Registered
5084,Koos,de Keijzer,Registered
3105,David,De La Mare,Registered
2794,Carl,de Leeuw,Registered
1837,Mark,de Lisle,Registered
2236,Pat,de Pont,Registered
,,,
3053,Stephen,de Vrij,Registered
2302,Claire,Deacon,Registered
3401,Katherine,Dean,Registered
5691,Joshua,Dean,Registered
5987,Amy,Degenhart,Registered
1494,Malcolm,Deighton,Registered
1428,David,Delamare,Registered
6131,Ed,Delamare,Registered
6003,Sarah,Delamore,Registered
2699,Ewan,Dellow,Registered
2512,Marko,den Breems,Registered
2272,Murray,Denby,Registered
5195,Thomas,Denhardt,Registered
2585,John,Dennehy,Registered
6234,Nicholas,Denton,Registered
5499,Edwin,Derricutt,Registered
5621,David,Devenney,Registered
4867,Louis,Deverson,Registered
2692,Tim,Devine,Registered
6213,Sunita,Devireddy,Registered
1828,Russell,Devlin,Registered
3152,Tim,Dewar,Registered
5841,Mario Andre,Dias E Santos Luz,Registered
3365,Manuel,Diaz,Registered
1885,Paul,Dickens,Registered
,,,
5857,Katie,Dickens,Registered
933,Bruce,Dickson,Registered
2039,Ron,Dijkmans,Registered
4309,Michael,Dillon,Registered
2660,Peter,Diprose,Registered
2626,Ricky,Do,Registered
1975,Alan,Dobson,Registered
2096,Simon,Dodd,Registered
2173,Richard,Dodd,Registered
3487,Rachel,Dodd,Registered
1884,Bill,Dodds,Registered
4929,Anita,Doerr,Registered
5965,Gerard,Dombroski,Registered
5139,Nicolau,Domingues,Registered
3402,Sam,Donald,Registered
2818,Andrew,Donaldson,Registered
5801,Gavin,Donaldson,Registered
2448,Nigel,Dong,Registered
3208,Scott,Donnell,Registered
5949,Catherine,Doo,Registered
5213,Chris,Dopheide,Registered
5710,Liliana,Dori,Registered
2924,Tim,Dorrington,Registered
1630,Chris,Doudney,Registered
2051,Paul,Dougan,Registered
,,,
3706,Ursula,Dougherty,Registered
6173,Callum,Dowie,Registered
3428,Roger,Dowling,Registered
2910,James,Downey,Registered
5517,Matthew,Downs,Registered
1955,Rose,Dowsett,Registered
2203,Mike,Dowsett,Registered
2451,Max,Drake,Registered
2798,Peta,Drayton,Registered
3449,Christine,Drinnan,Registered
3749,Michael,Drinnan,Registered
5882,Penny,Du Preez,Registered
2657,Pierre,du Toit,Registered
5203,Jenny,Duck,Registered
4897,Andrew,Duffin,Registered
3475,Fiona,Duffy,Registered
2294,John,Duncan,Registered
2969,Ross,Duncan,Registered
3258,Harvey,Duncan,Registered
2829,Jeremy,Dunlop,Registered
6042,Russell,Dunn,Registered
1849,John,Durkin,Registered
6176,Marco,Duthie,Registered
5325,Adam,Dwen,Registered
1724,Terry,Dykes,Registered
,,,
1989,Jane,Dykes,Registered
2139,Les,Dykstra,Registered
5446,John,Dymond,Registered
5374,Pamela,Dziwulska,Registered
3533,Gaynor,Eade,Registered
2643,Judy,Eden,Registered
2172,Paul,Edmond,Registered
4978,Nathan,Edmondston,Registered
2126,Gary,Edridge,Registered
2441,Megan,Edwards,Registered
2613,Grant,Edwards,Registered
4878,Melissa,Edwards,Registered
5350,Daniel,Eiem,Registered
5163,Ivan,Eiroa Santamarina,Registered
5777,Jurgen,Eisenhauer,Registered
2040,Peter,Eising,Registered
1334,Brian,Elliott,Registered
2330,Jim,Elliott,Registered
2358,Edwin,Elliott,Registered
6247,Ashleigh,Elliott,Registered
1907,Lloyd,Ellis,Registered
3657,Tamer,Elnady,Registered
1848,Bruce,Elton,Registered
3485,Simon,Elvidge,Registered
3443,Mitra,Emami,Registered
,,,
3041,Allan,Eng,Registered
5370,Pippa,Ensor,Registered
5642,David,Eqbal,Registered
3015,John,Ercolano,Registered
1836,Ron,Esveld,Registered
2532,Andrew,Evans,Registered
2777,Mike,Evans,Registered
5696,Guy,Evans,Registered
6000,Steve,Evans,Registered
3170,Justin,Evatt,Registered
5604,Kristin,Everett,Registered
4884,Matt,Every,Registered
4216,Dan,Eves,Registered
3773,Malcolm,Ewart,Registered
4909,Lindy,Ewart,Registered
4251,Ricardo,Eyherabide,Registered
2723,Kent,Fabian,Registered
4247,Nasim,Faghih,Registered
3122,Christopher,Fahrensohn,Registered
3209,Nicholas,Faith,Registered
6315,Julie,Faloon,Registered
3770,Kitty,Fan,Registered
2062,Graeme,Fanselow,Registered
5073,Caroline,Farnan,Registered
2438,Blair,Farquhar,Registered
,,,
2413,Michael,Farrant,Registered
5071,Bernard,Farrant,Registered
2793,Stacey,Farrell,Registered
1969,Polisi,Faumuina,Registered
3039,Virginia,Fay,Registered
4883,Michael,Fay,Registered
3123,Prue,Fea,Registered
2735,Jeffrey,Fearon,Registered
6081,Carinnya,Feaunati,Registered
5233,Vicky,Feng,Registered
2274,James,Fenton,Registered
1672,Neil,Fenwick,Registered
2956,Anton,Fenwick,Registered
5494,Tess,Fenwick,Registered
5209,Scott,Ferguson,Registered
5307,Praveen,Fernando,Registered
5457,Fabricio,Ferreira Fernandes,Registered
2360,Tim,Field,Registered
3210,Graeme,Finlay,Registered
5210,Hilary,Finn,Registered
2317,Michael,Fisher,Registered
4857,Henry,Fisher,Registered
4858,Hayley,Fisher,Registered
6218,Charlotte,Fisher,Registered
4889,Matthew,Fitzgerald,Registered
,,,
5630,Terese,Fitzgerald,Registered
2384,Wendy,Fitzpatrick,Registered
5431,Sean,Flanagan,Registered
3068,Matthew,Fleming,Registered
4876,Marie,Fleming,Registered
1914,Geoffrey,Fletcher,Registered
3097,Justin,Fletcher,Registered
2583,Yvonne,Forrest,Registered
3004,Angela,Foster,Registered
5324,Andre,Fourie,Registered
1776,Christopher,Fox,Registered
4205,Ron,Fox,Registered
5038,Rose,Fox,Registered
2970,Paul,France,Registered
2041,Paul,Francis,Registered
2244,Kerry,Francis,Registered
3753,Richard,Francis-Jones,Registered
3211,Jessamine,Fraser,Registered
5626,Jonathan,Fraser,Registered
5877,Annabel,Fraser,Registered
3172,Mark,Frazerhurst,Registered
6006,Kate,Frear,Registered
5000,Vicky,Freeman,Registered
5112,Glen,Frost,Registered
3716,Ali,Fuad,Registered
,,,
2925,Richard,Fuller,Registered
5002,Surya,Fullerton,Registered
2691,William,Fulton,Registered
4346,Anthony,Fung,Registered
6049,Claire,Furlong,Registered
5893,Shannon,Furness,Registered
6050,Ruth,Fyfe,Registered
2545,Gordon,Gallagher,Registered
1769,Ann,Galloway,Registered
5322,Aaron,Galloway,Registered
5472,Matteo,Garbagnati,Registered
2318,Mark,Garden,Registered
1291,Raiford,Gardiner,Registered
2206,Malcolm,Gardiner,Registered
2323,John,Gardiner,Registered
2566,Glenn,Gardiner,Registered
5018,Stephanie,Gardner,Registered
1916,Stuart,Gardyne,Registered
4955,David,Gasson,Registered
2080,David,Gatley,Registered
5907,Whitney,Geary,Registered
2459,Belinda,George,Registered
3262,Richard,George,Registered
3620,Jason,Gerrand,Registered
5511,Claire,Gesterkamp,Registered
,,,
5241,Stephen,Geuze,Registered
5291,Mary,Ghattas,Registered
4209,Jonathan,Gibb,Registered
5447,Katy,Gibb,Registered
5044,Brady,Gibbons,Registered
5280,Sarah,Gibbons,Registered
1598,David,Gibbs,Registered
1817,Stuart,Gibson,Registered
2941,Angela,Gibson,Registered
3046,Jason,Gibson,Registered
4358,William,Giesen,Registered
5303,Maria,Gigney,Registered
2296,Steve,Gilbertson,Registered
2758,Thom,Gill,Registered
2555,Ashley,Gillard-Allen,Registered
1696,Hunter,Gillies,Registered
1778,Lindsay,Gillies,Registered
3094,Todd,Gilmore,Registered
4293,Kate,Ginders,Registered
5353,Ernest,Girardi,Registered
2175,Tim,Gisler,Registered
2594,Morten,Gjerde,Registered
5751,Taulata,Gjerqeku,Registered
5058,Dominic,Glamuzina,Registered
5441,Jessica,Glen,Registered
,,,
1804,Rod,Glengarry,Registered
6140,Eleanor,Glenton,Registered
3155,Matthew,Glubb,Registered
2946,Geoffrey,Glynan,Registered
5182,Sowmya,Gnanasekaran,Registered
2605,Jenny,Goddard,Registered
5955,Gregory,Godsey,Registered
2870,Matthew,Godward,Registered
6150,Karen,Goedeke,Registered
2753,Richard,Goldie,Registered
5984,Susan,Goldsack,Registered
1547,Paul,Goldsmith,Registered
5355,Celia,Goldsmith,Registered
5388,Daniela,Gonzalez,Registered
4349,Justine,Goode,Registered
2363,Jeremy,Goodson,Registered
3404,Lance,Goodwin,Registered
1574,Richard,Gordon,Registered
5334,Brendon,Gordon,Registered
5672,Rebecca,Gordon,Registered
3774,Dion,Gosling,Registered
5556,Hannah,Gosling,Registered
5928,Patricia,Gosling,Registered
2847,Michael,Gould,Registered
3042,Lucy,Gould,Registered
,,,
5930,Simon,Gourley,Registered
5281,Szymon,Gozdzikowski,Registered
2855,Tony,Gracie,Registered
3069,Philip,Graham,Registered
3215,Mark,Graham,Registered
6024,Debbie,Graham,Registered
1517,John,Grant,Registered
2215,Max,Grant,Registered
2402,Andrew,Grant,Registered
3710,Matt,Grant,Registered
1728,Steve,Gray,Registered
1780,John,Gray,Registered
1833,Jeff,Gray,Registered
2322,Mark,Gray,Registered
3113,Travis,Gray,Registered
3340,Tony,Gray,Registered
4863,Jeremy,Gray,Registered
5671,Jimmy,Gray,Registered
5748,Elspeth,Gray,Registered
2297,Briar,Green,Registered
3213,Mark,Green,Registered
3570,Bruce,Green,Registered
5069,Andrew,Greenslade,Registered
3214,Diane,Greenwood,Registered
2689,Bill,Gregory,Registered
,,,
2502,Alex,Greig,Registered
2926,Philip,Grey,Registered
6104,Juli,Grey,Registered
5094,Mark,Gribble,Registered
5909,George,Grieve,Registered
5065,Hannah,Griffin,Registered
1990,Phillip,Grigg,Registered
6083,Hayden,Grindell,Registered
4885,Daniel,Grinter,Registered
3444,Renelle,Gronert,Registered
3070,Sera-Belinda,Grubb,Registered
5756,Matthew,Gruiters,Registered
5779,Philip,Guan,Registered
3763,Sharmila,Gubbi Shivarathri,Registered
5994,Dimitri,Gudgenov,Registered
2629,Robert,Guild,Registered
5733,Lola,Guirao Sanchez,Registered
3762,Miller,Guirguis,Registered
3546,Bernd,Gundermann,Registered
3071,Carolyn,Gundy,Registered
3160,Hamish,Gunns,Registered
2871,Julian,Guthrie,Registered
3072,Philip,Guy,Registered
5788,Stefan,Hack,Registered
1877,Christopher,Hadlee,Registered
,,,
4893,Ilona,Haghshenas-Lari,Registered
3092,Darryl,Haines,Registered
2849,Leonard,Halgryn,Registered
2008,Min,Hall,Registered
2708,Mark,Hall,Registered
2845,Gerrad,Hall,Registered
3569,Christine,Hall,Registered
4227,Simon,Hall,Registered
4237,Regan,Hall,Registered
6211,Catherine,Hall,Registered
5590,Sophie,Hamer,Registered
2234,Christopher,Hamill,Registered
5067,Trevor,Hamilton,Registered
3038,Faris,Hammady,Registered
5227,Joseph,Hampton,Registered
5382,Patricia,Han,Registered
1791,B,Haniel,Registered
1911,Richard,Hannam,Registered
2331,Mike,Hannaway,Registered
5405,Melanie,Hansen,Registered
5651,Paul,Hansen,Registered
3174,Jennifer,Hanson,Registered
3584,Abdus,Hansrod,Registered
2568,John,Hardwick-Smith,Registered
2957,Simon,Hardy,Registered
,,,
4880,Braden,Harford,Registered
4919,Kate,Harford,Registered
3637,David,Hargreaves,Registered
5954,Herman,Haringa,Registered
1602,Richard,Harris,Registered
1800,Grant,Harris,Registered
2572,Derek,Harris,Registered
2895,Sean,Harris,Registered
5154,Bevan,Harris,Registered
5279,Simon,Harrison,Registered
2828,Ngaio,Hart,Registered
3454,Mike,Hartley,Registered
2648,Aladina,Harunani,Registered
1888,Rodney,Harvey,Registered
3133,Elinor,Harvey McDouall,Registered
2892,tristan,harvey-smith,Registered
2355,Dominic,Hassan,Registered
3557,Shannon,Hatalafale,Registered
5977,Gillian,Hatch,Registered
5270,Amelia,Haughey,Registered
1558,Russell,Hawken,Registered
2688,Peter,Hawker,Registered
4960,John,Hawkins,Registered
2706,Jonathan,Hawksworth,Registered
2298,Ian,Hay,Registered
,,,
2898,Timothy,Hay,Registered
3748,Stuart,Hay,Registered
5615,Leandri,Hay,Registered
5864,James,Hay,Registered
6179,Jono,Hay,Registered
2998,Sarah,Hayden,Registered
5288,Kamelia,Haydon,Registered
4868,Ben,Hayes,Registered
5866,Lucy,Hayes-Stevenson,Registered
2950,Richard,Hayman,Registered
4861,Sandyanne,Hayward,Registered
5357,Christopher,Hayward Brown,Registered
1459,Tim,Heath,Registered
2233,Paul,Heather-Xia,Registered
2396,Jacqui,Heaton,Registered
3335,Sven,Heger,Registered
3589,Miles,Heine,Registered
1707,Bill,Henderson,Registered
1803,Craig,Henderson,Registered
1887,John,Henderson,Registered
5684,Marie-Claire,Henderson,Registered
4229,Amy,Hendry,Registered
5311,Sasha,Hendry,Registered
4332,Mary,Henry,Registered
4999,Luke,Henty,Registered
,,,
2844,Nicola,Herbst,Registered
2857,Lance,Herbst,Registered
2417,Mitch,Herceg,Registered
3373,Sophie,Hermann,Registered
4241,Shauna,Herminghouse,Registered
2861,Max,Herriot,Registered
3380,Guy,Herschell,Registered
5772,Sara,Heuser,Registered
5087,Malcolm,Hewin,Registered
3513,Jonathan,Hewlett,Registered
3512,Sarah,Hewlett Diprose,Registered
5372,Jason,Heynen,Registered
6195,Alejandro,Hidalgo Uzqueda,Registered
2342,Ashley,Hide,Registered
2357,Philip,Higham,Registered
2468,Mark,Higham,Registered
1624,John,Hill,Registered
2332,David,Hill,Registered
3242,Jane,Hill,Registered
4892,Carolyn,Hill,Registered
5822,Aaron,Hills,Registered
5687,Brendan,Himona,Registered
5089,Rajan,Hira,Registered
5134,Chris,Hitchcock,Registered
3769,Billy,Ho,Registered
,,,
5440,Sammy,Ho,Registered
2644,Keirin,Hoad,Registered
2823,Tony,Hoare,Registered
4951,Charlotte,Hoare,Registered
5463,Fritha,Hobbs,Registered
3307,Heather,Hocken,Registered
2664,Andre,Hodgskin,Registered
6119,Anthony,Hoete,Registered
2690,Maarten,Hofmans,Registered
2361,Timothy,Hogan,Registered
4303,Marcus,Hogan,Registered
5147,Gregor,Hoheisel,Registered
5936,Mitch,Holden,Registered
6222,Tom,Holden,Registered
5875,Robert,Holland,Registered
2604,Simon,Holloway,Registered
5872,Matthew,Holloway,Registered
3175,Chris,Holmes,Registered
5296,Tim,Holmes,Registered
5393,Greg,Holmes,Registered
3073,Barry,Holton,Registered
5784,Jen Nung,Hong,Registered
5351,Meiling,Honson,Registered
2533,John,Hoogerbrug,Registered
4949,Logan,Hooi,Registered
,,,
4875,Kristan,Hooton,Registered
6076,Ian,Hopkins,Registered
5999,Tom,Hopwood,Registered
3553,Denissa,Hora,Registered
2904,Brent,Hore,Registered
2447,Tim,Horne,Registered
2928,Geoff,Horne,Registered
5501,Nina,Horvath,Registered
2551,Nigel,Hosken,Registered
5160,Edward,Hosken,Registered
3405,Craig,Houghton,Registered
1692,Wayne,Houston,Registered
5461,Thane,Houston-Stevens,Registered
4943,David,Hovey Jr,Registered
2517,Phillip,Howard,Registered
5256,Christopher,Howard,Registered
2663,Chris,Howell,Registered
2781,Donna,Howell,Registered
2315,Rachel,Howie,Registered
5543,Nicola,Hsu,Registered
4351,Jason,Huang,Registered
5863,Henry,Huang,Registered
5034,Ben,Hudson,Registered
5339,Paul,Hudson,Registered
5514,Nigel,Hughes,Registered
,,,
1993,Brent,Hulena,Registered
1891,Chris,Hume,Registered
1842,David,Hunt,Registered
2809,Peter,Hunt,Registered
6216,Adam,Hunt,Registered
4940,Scott,Hunter,Registered
6021,Ethan,Hunter,Registered
1372,Keith,Huntington,Registered
2553,Jann,Hurley,Registered
4886,Mona,Hurnen,Registered
5686,Cameron,Hurrell,Registered
5297,Abigail,Hurst,Registered
2749,Charmaine,Hyland,Registered
3397,James,Hyndman,Registered
5003,Bojana Djokovic,Hynes,Registered
5278,Thom,Ibbotson,Registered
5963,Ida,Ibrahim,Registered
2192,Michael,Idiens,Registered
6282,Charmaine,'Ilaiu Talei,Registered
2423,John,Ingham,Registered
1944,Pamela,Ingram,Registered
5082,Oliver,Ingram,Registered
1868,Tere,Insley,Registered
3441,Sharon,Ip,Registered
5128,Edwin,Ipsen,Registered
,,,
1799,David,Ironside,Registered
5975,James,Irvine,Registered
2675,Andrew,Irving,Registered
3432,John,Irving,Registered
2872,Rebecca,Irwin,Registered
2778,Uche,Isichei,Registered
1515,Ian,Jack,Registered
1528,James,Jack,Registered
2991,Chris,Jack,Registered
5685,Joanna,Jack,Registered
3371,Mike,Jackson,Registered
4991,Luke,Jackson,Registered
2908,Carla,Jacobi,Registered
2488,Graeme,Jacobs,Registered
5228,Ben,Jagersma,Registered
6311,Ramin,Jahromi,Registered
5993,Gemma,James,Registered
2193,Don,Jamieson,Registered
2431,Sharon,Jansen,Registered
2538,Christian,Janzen,Registered
5502,Deshan,Jayawickrema,Registered
2801,Judith,Jehru,Registered
1785,Grant,Jenkins,Registered
3264,Wade,Jennings,Registered
1810,David,Jerram,Registered
,,,
2665,Darren,Jessop,Registered
5563,Xin,Jiang,Registered
3156,Tom,Jing,Registered
2513,Arthur,Joe,Registered
3274,Shannon,Joe,Registered
1889,Graeme,Johansen,Registered
4329,Michelle,Johansson,Registered
1361,Norrie,Johnson,Registered
1665,Philippa,Johnson,Registered
4871,Claire,Johnson,Registered
5522,Zack,Johnson,Registered
6235,Xanthe,Johnson,Registered
2525,Bernard,Johnston,Registered
3218,Regan,Johnston,Registered
3579,Blair,Johnston,Registered
2667,Graham,Johnstone,Registered
5105,Mark,Jolly,Registered
5358,April,Jolly,Registered
2259,Gina,Jones,Registered
2353,Annette,Jones,Registered
2650,Greg,Jones,Registered
3389,Stephen,Jones,Registered
6082,Kirsten,Jones,Registered
6169,Richard,Jones,Registered
2500,Mary,Jowett,Registered
,,,
6099,Lee-Ann,Joy,Registered
3176,Darren,Joyce,Registered
2063,Margaret,Julian,Registered
3189,Pip,Julian,Registered
5929,Diana,Jung,Registered
5219,Paul,Jurasovich,Registered
4354,Scott,Jury,Registered
1530,Douglas,Kaill,Registered
5347,Gavin,Kain,Registered
1763,Frans,Kamermans,Registered
2127,Virgil,Kan,Registered
6214,Rebecca,Kane,Registered
3276,Louie,Kang,Registered
5645,Lachezar,Karadzhov,Registered
2006,Nick,Karlovsky,Registered
1418,Crispin,Kay,Registered
1656,Alastair,Kay,Registered
5330,Piers,Kay,Registered
2425,Richard,Kaye,Registered
4959,Noor,Keary,Registered
3551,Sam,Kebbell,Registered
4331,Ben,Keegan,Registered
6152,Rory,Keegan,Registered
2963,Judi,Keith-Brown,Registered
2476,Laura,Kellaway,Registered
,,,
1876,Christopher,Kelly,Registered
2064,Clare,Kelly,Registered
2390,Jane,Kelly,Registered
2670,Joanne,Kelly,Registered
2834,Ezra,Kelly,Registered
3290,Anne,Kelly,Registered
5263,Jasper,Kelly,Registered
2929,Simon,Kelsall,Registered
3754,Wayne,Kelsall,Registered
2491,Anna,Kemble Welch,Registered
1875,Neil,Kemp,Registered
1921,Philip,Kennedy,Registered
1485,Peter,Kent,Registered
2498,Peter,Kerr,Registered
2586,Bronwen,Kerr,Registered
4972,Chris,Kerr,Registered
1867,Paul,Kerr-Hislop,Registered
2462,Peter,Kerrigan,Registered
4318,Ralf,Kessel,Registered
5542,Glenn,Kevey,Registered
2523,Peter,Keys,Registered
4299,Jaffer,Khan,Registered
2645,Leong,Khoo,Registered
5230,Simon,Khouri,Registered
3246,Auf,Khudair,Registered
,,,
2043,Maurice,Kiely,Registered
5850,Brian,Kim,Registered
6209,Nathan,Kim,Registered
1977,Geoffrey,King,Registered
2653,Steve,King,Registered
2695,Paul,King,Registered
2903,Martin,King,Registered
3219,Daniel,King,Registered
1964,Jeremy,Kingan,Registered
2536,Stan,Kingma,Registered
6259,Tessa,Kingsbury,Registered
1645,Jan,Kippenberger,Registered
5816,Roxanne,Kirkpatrick,Registered
2974,Andrew,Kissell,Registered
2547,Alister,Kitchen,Registered
4988,Courtney,Kitchen,Registered
3708,David,Klosser,Registered
3220,Brent,Knight,Registered
4936,Rob,Knight,Registered
5097,Jessica,Knight,Registered
1601,Rob,Kofoed,Registered
4872,Genevieve,Koh,Registered
2377,Ian,Kohler,Registered
2419,Tony,Koia,Registered
5409,Iliya,Kolesnikov,Registered
,,,
5079,Duane,Kolkrabs,Registered
5878,Takeshi,Kominami,Registered
5083,Ga-Jen,Kong,Registered
6030,George,Kool,Registered
5536,Paige,Koopman,Registered
1553,Ian,Krause,Registered
1872,Karen,Krogh,Registered
2846,Hayder,Kubba,Registered
3157,Victor,Kueh,Registered
5951,Megan,Kully,Registered
5276,Dinushi,Kumarawansa,Registered
6147,Maria,Kuzmenkova,Registered
2526,Greg,Lagoutaris,Registered
5161,Murine,Lai,Registered
2350,Dhiraj,Lal,Registered
5603,Stephen,Lammas,Registered
1386,Geoff,Land,Registered
1855,Noel,Lane,Registered
1433,Maurice,Langdon,Registered
1449,Roger,Langley,Registered
5767,Jonathan,Lapham,Registered
2348,Robin,Larkworthy,Registered
5752,Jake,Larsen,Registered
3768,Ernie,Lau,Registered
5614,Eddy,Lau,Registered
,,,
6199,Kenneth,Lau,Registered
1286,Dave,Launder,Registered
3159,Nikki,Launder,Registered
5271,Brendan,Laurence,Registered
5239,Helen,Law,Registered
3048,Michael,Lawler,Registered
3026,Gary,Lawson,Registered
4918,James,Lawton,Registered
5950,Rebecca,Lawton (Davidson),Registered
4260,Justin,Leadbetter,Registered
1435,Warwick,Lee,Registered
2333,Paul,Lee,Registered
3291,Aimee,Lee,Registered
3522,Jennie,Lee,Registered
4261,Paul Seong Hwa,Lee,Registered
4866,Jennis,Lee,Registered
5137,Greg,Lee,Registered
5421,Yu Jin,Lee,Registered
5724,Alan,Lee,Registered
5973,Mathew,Lee,Registered
5952,Marina,Leenman,Registered
1465,Wayne,Lees,Registered
6134,Katrina,Lees,Registered
2381,John,Leijh,Registered
3096,Nicholas,Leko,Registered
,,,
5633,Paul,Lelieveld,Registered
2477,John,Lenihan,Registered
1854,Geoff,Lentz,Registered
5211,John,Leonard,Registered
5155,Maurice,Leone,Registered
2128,Cliff,Leong,Registered
5832,Mark,Leong,Registered
5964,Sidney,Leong,Registered
5017,Robert,Letherby,Registered
3049,Eqo,Leung,Registered
3075,Tony,Leung,Registered
1297,Keith,Leuschke,Registered
1750,Colin,Leuschke,Registered
1994,Paul,Leuschke,Registered
2320,Lindy,Leuschke,Registered
6055,Luke,Leuschke,Registered
2521,Leslie,Lewis,Registered
2563,Carmel,Lewis,Registered
2587,Sheryl,Lewis,Registered
3292,Eliska,Lewis,Registered
3374,Daniel,Lewis,Registered
5418,Alan,Lewis,Registered
5259,Louise,Li,Registered
5873,Alex,Liang,Registered
3455,Nancy,Lien,Registered
,,,
5295,Yi-Jan,Lien,Registered
2231,Nicholas,Liew,Registered
3221,Marcellus,Lilley,Registered
6242,Ella,Lilley-Gasteiger,Registered
4348,Sam,Lim,Registered
5607,Peter,Lim,Registered
3222,Henry,Lin,Registered
5913,Shelley,Lin,Registered
2676,Graham,Linwood,Registered
5889,Michael,Lisowski,Registered
6166,Bridget,Lissaman,Registered
3293,Marc,Lithgow,Registered
4266,Adam,Liu,Registered
5507,Luna,Liu,Registered
5632,Lara,Liu,Registered
5826,Vanessa,Liu,Registered
3767,Ben,Lloyd,Registered
6022,Lily,Lo,Registered
3027,Melanie,Lochore,Registered
5116,Tom,Locke,Registered
5170,Andy,Lockyer,Registered
5595,Anna,Logan,Registered
6160,Art,Lohsen,Registered
1687,John,Long,Registered
5234,Patrick,Loo,Registered
,,,
3320,David,Loughlin,Registered
4954,Tim,Lovell,Registered
5798,Chloe,Lovell-Shannon,Registered
2954,Delisa,Lovie,Registered
3383,Swee Ngee,Low,Registered
1377,Thomas,Lowe,Registered
3028,Benjamin,Lowe,Registered
4869,Kit,Lowe,Registered
5810,Daniel,Lowery,Registered
2177,Alistair,Luke,Registered
3294,Bradley,Luke,Registered
4990,Gabrielle,Luong,Registered
3483,Megan,Lutton,Registered
5620,Kevin,Lux,Registered
5529,Joe,Lyth,Registered
5574,Kevin Kai,Ma,Registered
2835,Paki,Maaka,Registered
5198,Emma,Macann,Registered
1786,Rod,Macdiarmid,Registered
3316,Ian,Macdiarmid,Registered
4356,John,MacDonald,Registered
1675,John,MacGregor,Registered
1878,Christina,Mackay,Registered
6118,Stuart,MacKay,Registered
2726,Euan,MacKellar,Registered
,,,
1787,John,Mackenzie,Registered
3257,John,Mackenzie,Registered
1620,Lindsay,Mackie,Registered
3112,Rafe,Maclean,Registered
5284,Ian,Maclean,Registered
1715,Gillian,Macleod,Registered
2621,Lloyd,Macomber,Registered
2045,Alistair,Madill,Registered
5811,David,Madsen,Registered
3435,Justin,Magness,Registered
2673,Ross,Maguire,Registered
2819,Daryl,Maguire,Registered
5524,Maury,Maher,Registered
2411,Rochelle,Mahon,Registered
3058,Laura,Mahon,Registered
3223,David,Mahon,Registered
6116,Cole,Major,Registered
2403,Karl,Majurey,Registered
5601,Angela,Makgill,Registered
5157,Samir,Malik,Registered
5333,Fa'asalele,Malo,Registered
3736,Lyn,Maltby,Registered
3548,Cecilia,Man,Registered
2427,Stuart,Manning,Registered
2677,Paul,Marcroft,Registered
,,,
6034,Frank,Marioli,Registered
1971,Steven,Mark,Registered
5317,Elizabeth,Mark,Registered
5694,Phil,Mark,Registered
3077,Natasha,Markham,Registered
4207,Oliver,Markham,Registered
3078,Shaun,Marlo,Registered
5113,Peter,Marment,Registered
5746,Michael,Marmita,Registered
2943,Guy,Marriage,Registered
1826,Peter,Marshall,Registered
2618,Daniel,Marshall,Registered
3224,Susan,Marshall,Registered
3310,Steven,Marshall,Registered
2717,Tony,Martin,Registered
2738,Neil,Martin,Registered
4928,Sam,Martin,Registered
5647,Jane,Martin,Registered
2164,Kerry,Mason,Registered
3079,Melanie,Mason,Registered
2694,Allan,Matheson,Registered
1910,Stephen,Matthews,Registered
2245,Antony,Matthews,Registered
2301,Jane,Matthews,Registered
2912,Darren,Matthews,Registered
,,,
3502,Damien,Matthews,Registered
5509,Jesse,Matthews,Registered
3607,Phillip,Matz,Registered
3179,Richard,Mauriohooho,Registered
5525,John,Mauvan,Registered
5365,Mark,Mawdsley,Registered
3125,Bodie,Maxcey,Registered
5870,Rhys,Maxwell,Registered
2262,Vaughan,Maybury,Registered
4234,Rachel,Mayer,Registered
2995,Evan,Mayo,Registered
3131,Dominik,Mazur,Registered
3751,Craig,McAuliffe,Registered
1827,David,McBride,Registered
5747,Kate,McBurney,Registered
2732,Joseph,McCambridge,Registered
3161,Elissa,McCambridge,Registered
2066,Chris,McCarthny,Registered
2436,Bruce,McCartney,Registered
3560,Justin,McCartney,Registered
4224,Colette,McCartney,Registered
1699,John,McClean,Registered
2907,Roger,McClean,Registered
1736,Malcolm,McClurg,Registered
2186,Peter,McCombe,Registered
,,,
2253,Daniel,McCormack,Registered
1968,John,McCoy,Registered
5238,Nadiene,McCullough,Registered
5207,Sara,McCunnie,Registered
2501,Graham,McDermid,Registered
1271,Alec,McDonald,Registered
4232,Steve,McDonald,Registered
3581,Gerard,McDonnell,Registered
2094,Stephen,McDougall,Registered
2404,Ray,McElroy,Registered
3018,Stephanie,McElwee,Registered
5489,Robert,McFarlane,Registered
5267,Matthew,McFetridge,Registered
2539,Richard,McGowan,Registered
2492,John,McGrail,Registered
2876,Kendon,McGrail,Registered
2975,Glenn,McHardie,Registered
2208,Graeme,McIndoe,Registered
4215,John,McIntyre,Registered
2254,David,McKay,Registered
5272,Michael,McKay,Registered
4996,Stuart,McKechnie,Registered
3106,Katie,McKellar,Registered
6060,Kiri,Mckenna,Registered
2028,John,McKenzie,Registered
,,,
2130,Callum,McKenzie,Registered
5406,Alastair,McKenzie,Registered
5497,Scott,McKenzie,Registered
5757,Mitch,McKenzie,Registered
1823,Wally,McKeown,Registered
2541,Damian,McKeown,Registered
5242,Scott,McKerrow,Registered
1952,Morgan,McKewen,Registered
2930,Jack,McKinney,Registered
5792,Hamish,McLachlan,Registered
3737,Rebecca,McLaughlan,Registered
4961,Corey,McMeeking,Registered
4925,Mark,McMillan,Registered
5834,Adele,McNab,Registered
2931,Andrew,McNally,Registered
3080,John,McNamara,Registered
3738,Evelyn,McNamara,Registered
5600,Angus,McNaughton,Registered
5862,Dan,McNelis,Registered
4312,Vaughn,McQuarrie,Registered
4274,Simon,McRae,Registered
4855,Mitch,McTaggart,Registered
6075,Scott,Meekings,Registered
3732,Stephan,Meijer,Registered
1650,Chris,Meikle,Registered
,,,
3427,Tim,Mein,Registered
4301,Andrew,Meiring,Registered
2255,John,Melhuish,Registered
5462,Pieter,Melis,Registered
4325,David,Melling,Registered
3029,Nick,Melrose,Registered
2444,Tim,Melville,Registered
2914,Michael,Melville,Registered
5493,Rob,Meneses,Registered
2424,Adam,Mercer,Registered
4944,Julia,Mercer,Registered
5193,Tim,Merkens,Registered
5837,Milena,Micic,Registered
2405,Michael,Middlebrook,Registered
2263,Richard,Middleton,Registered
4246,Jarrod,Midgley,Registered
2960,Davor,Mikulcic,Registered
5915,Harriet,Mildon King,Registered
2999,Petar,Milivojevic,Registered
1351,Barry,Millage,Registered
3436,Lynley,Millar,Registered
5326,Paul,Millard,Registered
2646,Trevor,Millen,Registered
970,Ray,Miller,Registered
3484,Greg,Miller,Registered
,,,
5414,Hilton,Miller,Registered
6314,Chris,Millman,Registered
1857,Ian,Mills,Registered
2026,John,Mills,Registered
4340,Penny,Mills,Registered
4268,Jonathan,Minnee,Registered
1380,Alan,Minty,Registered
2916,Amelia,Minty,Registered
5174,Alison,Miranda,Registered
5345,Mark,Mismash,Registered
2913,Peter,Mitchell,Registered
3162,Julian,Mitchell,Registered
3461,Misako,Mitchell,Registered
4304,Janine,Mitchell,Registered
4320,Matthew,Mitchell,Registered
5292,Wayne,Mitchell,Registered
6026,James,Mitchell,Registered
2519,Bruce,Mitchinson,Registered
5618,Joey,Moh,Registered
5433,Daniel,Mohr,Registered
1238,Gordon,Moller,Registered
2712,Craig,Moller,Registered
2160,David,Mollison,Registered
3195,Brendon,Monk,Registered
4927,Hamish,Monk,Registered
,,,
1667,Robert,Montgomery,Registered
2578,Don,Moodie,Registered
2976,James,Mooney,Registered
6225,Catherine,Mooney,Registered
5411,Rebecca,Moore,Registered
4160,Manuel,Morel,Registered
3303,Marianna,Morgan,Registered
6312,Tim,Morgan,Registered
5944,Kate,Morland,Registered
3368,Grant,Morley,Registered
2303,Guy,Morris,Registered
1718,Bren,Morrison,Registered
2141,Roger,Morrison,Registered
3476,Mark,Morrison,Registered
3726,Paul,Morrison,Registered
2951,Barry,Morton,Registered
2669,Nicholas,Mouat,Registered
3132,Frances,Moughan,Registered
1957,Peter,Moyes,Registered
2796,Nicholas,Moyes,Registered
5612,Robert,Mrkusich,Registered
1302,Ashley,Muir,Registered
3261,Hamish,Muir,Registered
6157,Elizabeth,Muir,Registered
1375,Robert,Mulligan,Registered
,,,
3019,Esme,Mulligan,Registered
2877,Colette,Mullin,Registered
2068,Vincent,Mullins,Registered
4366,Tammy,Mullins,Registered
5189,Teresa,Munro,Registered
5564,Lachlan,Munro,Registered
5192,Jono,Murdoch,Registered
1405,Christopher,Murphy,Registered
3003,Joseph,Murphy,Registered
5070,Richard,Murphy,Registered
5218,Shaun,Murphy,Registered
6177,Sacha,Murphy,Registered
1633,Trevor,Murray,Registered
2494,Russell,Murray,Registered
2945,Zolna,Murray,Registered
4915,Rowan,Murray,Registered
5504,Moshin,Mussa,Registered
6175,Franklin,Mwanza,Registered
2787,Chris,Myers,Registered
2803,Jennifer,Myers,Registered
2707,Rich,Naish,Registered
1980,Lindley,Naismith,Registered
6201,Fabio,Namiki,Registered
6023,Shaneil,Narsey,Registered
3272,Eva,Nash,Registered
,,,
3437,Laurence,Nash,Registered
5226,Claire,Natusch,Registered
4281,Werner,Naude,Registered
5895,Sara,Nazem,Registered
5075,Bernard,Needham,Registered
6115,Libby,Needham,Registered
2013,Tim,Nees,Registered
2406,Grant,Neill,Registered
2054,Roger,Nelson,Registered
2705,Thyra,Nelson,Registered
3006,Shani,Nelson,Registered
2576,Michael,Nemeth,Registered
5108,Kristen,Neri,Registered
5712,Leonie,Neuweger,Registered
3382,Kathryn,Nevatt,Registered
5033,Mike,Newberg,Registered
5231,Neil,Newman,Registered
6220,Guy,Newton,Registered
3370,Thao,Nguyen,Registered
3463,Thanh,Nguyen,Registered
4916,Xuan,Nguyen,Registered
5787,Brenda,Ni,Registered
6224,Clair,Nicholls,Registered
2151,Costas,Nicolaou,Registered
2562,Phillipa,Nihotte,Registered
,,,
5699,Tom,Nisbet,Registered
1756,Tony,Nixon,Registered
4259,Kent,Nixon,Registered
2874,James,Noble,Registered
2392,William,Noordanus,Registered
2530,Chris,Norman,Registered
5130,James,Norman,Registered
5799,Alana,Norris,Registered
2746,Charlie,Nott,Registered
2150,Simon,Novak,Registered
2209,Evzen,Novak,Registered
3322,John,O`Bryan,Registered
2132,Norman,Oakley,Registered
2354,Mark,Oakley,Registered
3001,Michael,O'Brien,Registered
4712,Rhonan,O'Brien,Registered
2407,Ainsley,O'Connell,Registered
3746,Ana,O'Connell,Registered
4257,Glenn,O'Connell,Registered
3688,Andrea,O'Connor,Registered
2243,Robin,O'Donnell,Registered
5068,Sally,Ogle,Registered
6054,Boaz,Oh,Registered
2701,Dan,O'Hagan,Registered
4373,Catherine,OHare,Registered
,,,
3616,Melissa,O'Keeffe,Registered
2575,Peter,Olorenshaw,Registered
2786,Ann,O'Meagher,Registered
5235,Julian,O'Neale,Registered
2487,Duval,O'Neill,Registered
3127,Winnie,Ong,Registered
1634,Colin,Orchiston,Registered
3037,Philip,Orde,Registered
1676,Tony,Orgias,Registered
2826,Richard,Ormsby,Registered
2155,Maurice,Orr,Registered
2606,Michael,O'Sullivan,Registered
5682,Kelly,O'Sullivan,Registered
5332,Jimmi,O'Toole,Registered
2795,Maria,Ouzounova,Registered
5904,Mia,Ouzounov-Osborne,Registered
2100,Michael,Ovens,Registered
2737,Paul,Overdevest,Registered
3508,Yvette,Overdyck,Registered
4280,Illia,Ovsiiko,Registered
5852,Nic,Owen,Registered
2609,Mark,Owens,Registered
5557,Tom,Owens,Registered
1499,David,Page,Registered
3567,Vesna,Paligora,Registered
,,,
1616,Alan,Palmer,Registered
2005,John,Palmer,Registered
2615,Nicola,Palmer,Registered
2662,Fleur,Palmer,Registered
6183,Emily,Palmer,Registered
3327,Jiwan,Pandey,Registered
3430,Joon,Park,Registered
5371,Jun Ho,Park,Registered
2672,Simon,Parker,Registered
4311,Matthew,Parker,Registered
5057,Andrew,Parker,Registered
5127,Jarod,Parker,Registered
1722,Peter,Parkes,Registered
5054,Adam,Parkes,Registered
1938,Michael,Parkin,Registered
5419,Antony,Parks,Registered
6196,Huw,Parslow,Registered
739,Rex,Parsons,Registered
2007,Gerald,Parsonson,Registered
1934,Daryl,Partridge,Registered
5091,Anton,Patajac,Registered
5589,Alisha,Patel,Registered
5653,Dipak,Patel,Registered
3225,Blair,Paterson,Registered
3445,Aaron,Paterson,Registered
,,,
4355,Claire,Paterson,Registered
5922,Sam,Paterson,Registered
6016,Ellen,Paterson,Registered
5825,Apurva,Pathak,Registered
1439,Rob,Patience,Registered
1998,Andrew,Patterson,Registered
1951,Stephen,Pattinson,Registered
5573,Melanie,Pau,Registered
2934,Clifford,Paul,Registered
3597,Reem,Paul,Registered
1850,Colin,Pauling,Registered
5200,Shara,Paulo,Registered
1742,David,Pawson,Registered
3735,Damon,Peachey,Registered
6136,Jordan,Pearce,Registered
5045,James,Pearse,Registered
1561,Dave,Pearson,Registered
2069,Rick,Pearson,Registered
4249,Olivia,Pearson,Registered
4338,Marissa,Pearson,Registered
4975,Matt,Pearson,Registered
5119,Kelvin,Peck,Registered
3247,Jane,Peddie,Registered
3594,Hamish,Peddie,Registered
3163,Ginny,Pedlow,Registered
,,,
2632,Debra,Penn,Registered
2284,Neil,Penney,Registered
3514,Michael,Pepper,Registered
2748,Hiran,Perera,Registered
2864,Jeremy,Perrott,Registered
2210,Malcolm,Perry,Registered
4920,Grant,Perry,Registered
5385,Biljana,Pesun,Registered
2935,Antonius,Peters,Registered
5809,Samuel,Peters,Registered
5791,Marc,Peterson,Registered
4967,Dejan,Petkovic,Registered
5329,Luke,Petrie,Registered
2196,Graeme,Phillips,Registered
3040,Stephanie,Phillips,Registered
5162,Carl,Pickering,Registered
1918,Gary,Pidd,Registered
2668,Martyn,Pierce,Registered
5839,Aliesha,Pile,Registered
3082,Pru,Pinfold,Registered
2560,Maurice,Pipson,Registered
2278,Simon,Pirie,Registered
4938,Stefan,Pirie,Registered
3194,Geoff,Pitts,Registered
5413,Daniella,Pizey,Registered
,,,
3497,Jenny,Po,Registered
1874,Chris,Pollard,Registered
2755,Cameron,Pollock,Registered
5104,David,Ponting,Registered
5532,Wendy Wei Xin,Poon,Registered
1766,Alan,Poor,Registered
3623,Davor,Popadich,Registered
2156,Campbell,Pope,Registered
4308,Dan,Popham,Registered
1425,Philip,Porritt,Registered
2977,Peter,Porteous,Registered
2909,Kyle,Porter,Registered
1932,Stephen,Poulopoulos,Registered
5009,Claire,Powell,Registered
1762,David,Power,Registered
1758,Stan,Powley,Registered
1575,Graeme,Pownall,Registered
3295,Ken,Powrie,Registered
5076,Sam,Prabhakaran,Registered
4905,Tane,Pratt,Registered
1033,Neville,Price,Registered
3030,Graham,Price,Registered
2217,Richard,Priest,Registered
2851,Jane,Priest,Registered
2341,Desmond,Prisk,Registered
,,,
2495,Ian,Pritchard,Registered
2211,Antanas,Procuta,Registered
1901,Peter,Prosee,Registered
3108,David,Pugh,Registered
5871,Danielle,Pulham,Registered
3164,Jeremy,Purcell,Registered
3355,Monika,Puri,Registered
3363,Chetna,Purnami,Registered
5178,Divya,Purushotham,Registered
4337,Christopher,Pyemont,Registered
5634,Cam,Pyke,Registered
1926,Ron,Pynenburg,Registered
5166,Alessandro,Quadrelli,Registered
4344,Jeremy,Quiding,Registered
1812,Vivienne,Radcliffe,Registered
2031,Bruce,Rae,Registered
2936,Jonathan,Rae,Registered
5619,David,Raea,Registered
5609,James,Raimon,Registered
2942,Raja,Raja Khalid,Registered
3265,Sanjev,Rajendra,Registered
5555,Bruce,Ramsay,Registered
5099,David,Randerson,Registered
5505,Nicola,Ransley,Registered
2729,Darrell,Rapata,Registered
,,,
4307,Brian,Rastrick,Registered
3604,Ingo,Ratsdorf,Registered
2719,Bill,Rattenbury,Registered
5972,Frank,Raunik,Registered
2266,Paul,Raven,Registered
2279,Brendan,Rawson,Registered
5408,Andrew,Raynes,Registered
3011,Filiberto,Rayon-Villela,Registered
3752,Mark,Read,Registered
5402,Victoria,Read,Registered
5520,Kimberly,Read,Registered
6028,Henry,Read,Registered
6047,Kelly,Read,Registered
5008,Phil,Redmond,Registered
1566,Rick,Reid,Registered
2685,Richard,Reid,Registered
5643,Mat,Reid,Registered
2937,Logan,Reilly,Registered
2623,Stephen,Rendell,Registered
2304,Julian,Rennie,Registered
3151,Huia,Reriti,Registered
6065,Travers,Reynolds,Registered
1470,Geoff,Richards,Registered
2658,Geoffrey,Richards,Registered
5763,Marcus,Richardson,Registered
,,,
6313,Alastair,Richardson,Registered
2607,Graeme,Ricketts,Registered
5001,Jane,Rickit,Registered
2324,Brian,Riley,Registered
2850,Marianne,Riley,Registered
4973,Matt,Riley,Registered
5740,Jessica,Ringrose,Registered
3095,Mark,Ritchie,Registered
3739,Sarah,Ritchie,Registered
2842,Marc,Ritmeester,Registered
5013,Cameron,Ritter,Registered
5387,Brett,Roake-Barefoot,Registered
1739,Craig,Roberts,Registered
2917,Ralph,Roberts,Registered
5435,Matthew,Roberts,Registered
3188,Murray,Robertson,Registered
4273,Caroline,Robertson,Registered
2704,Gavin,Robins,Registered
2197,Ken,Robinson,Registered
4315,Matt,Robinson,Registered
4901,Glen,Robinson,Registered
6227,Jeremy,Robinson,Registered
3610,Dallas,Roff,Registered
3500,Kate,Rogan,Registered
1719,John,Rogers,Registered
,,,
2220,Bill,Rogers,Registered
3165,Glenn,Rogers,Registered
6210,Joao,Roldao,Registered
4278,Paul,Rolfe,Registered
5424,Jason,Roome,Registered
3747,Jane,Rooney,Registered
3501,Simon,Roper,Registered
6149,Kirby,Roper,Registered
5966,Raphaela,Rose,Registered
6066,Angus,Rose,Registered
1972,Stewart,Ross,Registered
3269,Tim,Ross,Registered
6114,Julia,Ross,Registered
5869,Stephanie,Roughan,Registered
2544,Mike,Roulston,Registered
5432,Mitchell,Round,Registered
2198,Peter,Rowbotham,Registered
3471,Tom,Rowe,Registered
5610,Tony,Rowell,Registered
5098,Peter,Rozecki-Lewis,Registered
5624,David,Ruane,Registered
2414,Megan,Rule,Registered
2601,Rachael,Rush,Registered
3083,Naomi,Rushmer,Registered
2567,John,Rushton,Registered
,,,
2731,Kevin,Russ,Registered
5910,Peggy,Russell,Registered
5428,Michael,Russo,Registered
3777,Earl,Rutherford,Registered
2812,Tracey,Ryan,Registered
5674,WENDY,RYAN,Registered
4977,Anna,Ryder,Registered
6102,Eric,Ryder,Registered
1900,Chris,Sage,Registered
3549,Ekin,Sakin,Registered
6215,Claire,Saldanha,Registered
2831,Jeff,Salisbury,Registered
2134,Marian,Salmon,Registered
1453,Jeremy,Salmond,Registered
1880,Anne,Salmond,Registered
3014,Rodney,Sampson,Registered
5660,Christopher,Samuelian,Registered
6071,William,Samuels,Registered
2810,Kevin,Sanderson,Registered
4976,Sean,Sanderson,Registered
3137,Sarah,Sandland,Registered
4970,Pam,Sando,Registered
4971,Ben,Sando,Registered
2640,Darryl,Sang,Registered
5802,Tim,Sargisson,Registered
,,,
4921,Charlotte,Saunders,Registered
3442,Carolyn,Savage,Registered
5420,Andrew,Sawers,Registered
2620,Haydn,Sawyer,Registered
2715,Mark,Sayegh,Registered
5049,Nick,Sayes,Registered
5144,Henri,Sayes,Registered
5342,Tonja,Schimmelpfennig,Registered
5648,Mark,Schmidt,Registered
5707,Thomas,Schmidt,Registered
2952,Crispin,Schurr,Registered
5544,Sophie,Scoggins,Registered
1548,Bruce,Scott,Registered
1609,Graeme,Scott,Registered
1767,Sarah,Scott,Registered
2142,Chris,Scott,Registered
2504,Brent,Scott,Registered
2700,Alistair,Scott,Registered
3168,Francis,Scott,Registered
4210,Megan,Scott,Registered
5437,Hana,Scott,Registered
5585,Finn,Scott,Registered
5121,Brendan,Scott-Woods,Registered
2162,Jim,Scrivener,Registered
2267,Bruce,Sedcole,Registered
,,,
3704,Ian,Seddon,Registered
2257,Richard,Sedgwick,Registered
5918,Thomas,Seear-Budd,Registered
1642,Ron,Seeto,Registered
1942,Richard,Sellars,Registered
3408,Arindam,Sen,Registered
5581,Yiwen,Seow,Registered
6057,Anthony,Sephton,Registered
3392,James,Service,Registered
2227,Grant,Sew Hoy,Registered
4228,Nicholas,Sewell,Registered
1536,John,Sexton,Registered
3409,Andrew,Sexton,Registered
2365,Richard,Shackleton,Registered
1999,Wendy,Shacklock,Registered
2681,Darren,Shadbolt,Registered
3031,Gregory,Shadbolt,Registered
2268,Stephen,Shadwell,Registered
2072,Kieran,Shanahan,Registered
2306,Allan,Shanahan,Registered
1535,Roger,Shand,Registered
5496,Erxin,Shang,Registered
1879,Brian,Sharp,Registered
4361,Hannah,Sharp,Registered
1690,Malcolm,Sharpe,Registered
,,,
4979,Madeline,Sharpe,Registered
6258,Alice,Sharpe,Registered
1610,Alex,Shaw,Registered
4213,Hamish,Shaw,Registered
4231,Peter,Shaw,Registered
5274,Geordie,Shaw,Registered
6025,Guy,Shaw,Registered
5848,Tatiana,Shchelkanova,Registered
5858,Kevin,Shen,Registered
6135,Tao,Shen,Registered
5983,Vaughan,Shepherd,Registered
4339,Ryan,Shin,Registered
5824,Jess,Shipard,Registered
5262,Fiona,Short,Registered
5586,Jessica,Short,Registered
2993,Aaron,Sills,Registered
1881,Darryl,Silverwood,Registered
3087,David,Simiona,Registered
2223,Roger,Simmons,Registered
2226,Lynda,Simmons,Registered
2143,Jamie,Simpkin,Registered
1407,Bob,Simpson,Registered
2148,Wanley,Simpson,Registered
2747,Damian,Simpson,Registered
5480,Claire,Simpson,Registered
,,,
5969,Matt,Simpson,Registered
1844,Michael,Sin,Registered
1048,John,Sinclair,Registered
4262,Duncan,Sinclair,Registered
3275,Arundhati,Singh,Registered
5819,Pardeep,Singh,Registered
6002,Georgia,Singleton,Registered
3032,Peter,Sisam,Registered
4823,Shana,Skelton,Registered
1490,Bill,Skews,Registered
4336,Katherine,Skipper,Registered
2880,Eugene,Slabbert,Registered
1913,Graham,Slade,Registered
2481,Lynda,Slaney,Registered
2565,Melanda,Slemint,Registered
2000,Richard,Slessor,Registered
2540,Patrick,Sloan,Registered
5449,Matthew,Sloper,Registered
3740,Christopher,Smaill,Registered
3561,Keith,Small,Registered
1814,Stephanie,Smith,Registered
1860,David,Smith,Registered
1935,Samuel,Smith,Registered
2224,Carolyn,Smith,Registered
2364,Jason,Smith,Registered
,,,
2727,Stephen,Smith,Registered
2901,Mark,Smith,Registered
3052,Jeremy,Smith,Registered
3110,Jonathan,Smith,Registered
3227,Andrew,Smith,Registered
3394,Roz,Smith,Registered
3556,Raffe,Smith,Registered
3565,Phil,Smith,Registered
4267,Katie,Smith,Registered
4272,Kirk,Smith,Registered
5183,Alana,Smith,Registered
5438,Michael,Smith,Registered
5605,Matthew,Smith,Registered
5611,Daniel,Smith,Registered
5635,Paul,Smith,Registered
5668,Hayley,Smith,Registered
6197,Moira,Smith,Registered
2584,Andrew,Smithson,Registered
2602,Charissa,Snijders,Registered
5373,Amanda,Snow,Registered
3277,Natalie,Snowden,Registered
3721,Severin,Soder,Registered
2338,John,Sofo,Registered
2961,James,Solari,Registered
3776,Brenda,Solon,Registered
,,,
2881,Paul,Somerford,Registered
6217,Ruby,Somerville,Registered
6098,Weijia,Song,Registered
5021,Craig,South,Registered
2212,Mark,Southcombe,Registered
5759,Doug,Southwell,Registered
5140,Ashan,Soysa,Registered
4359,Thomas,Sparg,Registered
6168,Lauren,Speer,Registered
2027,Ian,Speirs,Registered
6141,Rachael,Spriggs,Registered
6142,Christian,Squire,Registered
2073,Terry,St George,Registered
2900,Jane,St George Waugh,Registered
2614,Rosalie,Stanley,Registered
3228,Lars,Stannard,Registered
5582,Andrew,Staples,Registered
6058,Devo,Staples,Registered
5856,Timothy,Stead,Registered
3452,Natalie,Stebben,Registered
5320,Sophie,Steele,Registered
3709,Milti,Stefadouros,Registered
5260,Tim,Stephens,Registered
1892,Simon,Stephenson,Registered
2307,Jim,Stephenson,Registered
,,,
2455,Andrew,Stephenson,Registered
2938,Craig,Sterne,Registered
4305,Matt,Sterne,Registered
2025,Preston,Stevens,Registered
2029,Rob,Stevens,Registered
2326,Nicholas,Stevens,Registered
4887,Chessa,Stevens,Registered
5048,Ari,Stevens,Registered
5318,Fred,Stevens,Registered
1305,Ronald,Stevenson,Registered
5943,Susanna,Stevenson,Registered
5349,Julie,Stewart,Registered
5958,Timothy,Stewart,Registered
5410,Hamish,Stockwell,Registered
6068,Charrid,Stone,Registered
5015,Neil,Stonell,Registered
4900,Michael,Stonyer,Registered
2171,Julie,Stout,Registered
5982,Allison,Stout,Registered
2882,Dave,Strachan,Registered
4206,Nick,Strachan,Registered
4992,John,Strand,Registered
5118,Pip,Strawbridge,Registered
2185,Harry,Street,Registered
5561,Friedrich,Strey,Registered
,,,
1201,Graham,Strez,Registered
2391,Noel,Strez,Registered
1834,David,Stringer,Registered
6032,Alan,Stringer,Registered
5781,Sarah,Stuart,Registered
4948,Marcus,Stufkens,Registered
6072,Jovi,Su,Registered
5088,Jackie,Sue,Registered
4238,Caroline,Sui,Registered
4362,Daniel,Sullivan,Registered
4956,Kate,Sullivan,Registered
5876,Daniel,Sullivan,Registered
1752,Lawrence,Sumich,Registered
5591,Linda,Sun,Registered
5967,James,Suter,Registered
588,John,Sutherland,Registered
5865,Jessie,Sutherland,Registered
5136,AJ,Sutton,Registered
5321,Campbell,Sutton,Registered
2114,Martin,Swann,Registered
2836,Mike,Swann,Registered
5914,Jenny,Swanston,Registered
5466,Michael,Sweeney,Registered
2725,Brent,Sykes,Registered
5217,Anna,Synge,Registered
,,,
3100,Phillip,Tai,Registered
4950,DJ,Tai,Registered
3717,Richard,Tam,Registered
2213,Kooi,Tan,Registered
6130,Jason,Tan,Registered
4225,Su Chew,Tang,Registered
5500,Rois,Tang,Registered
5361,Dasha,Tapa,Registered
2959,Ruth,Tapper,Registered
3088,Ngata,Tapsell,Registered
5052,Dasha,Tarasova,Registered
3369,Guy,Tarrant,Registered
2915,Michael,Tate-Davis,Registered
5126,Mark,Taucher,Registered
5029,Simon,Taverner,Registered
1925,Don,Taylor,Registered
2014,Judith,Taylor,Registered
2152,Amanda,Taylor,Registered
2242,Malcolm,Taylor,Registered
2475,Allan,Taylor,Registered
3280,Paul,Taylor,Registered
3398,Erin,Taylor,Registered
3625,Sian,Taylor,Registered
4275,Adam,Taylor,Registered
5678,Nick,Taylor,Registered
,,,
4350,Roy,Tebbutt,Registered
2359,Hugh,Tennent,Registered
3680,Serban,Teodorescu,Registered
1771,Matthew,ter Borg,Registered
3283,Michele,Terblanche Snell,Registered
5562,Michelle,Teutenberg,Registered
6191,Joanna,Theodore,Registered
5503,Anne,Thiermann,Registered
2768,Chris,Thom,Registered
2983,Simon,Thomas,Registered
5430,Sam,Thomas,Registered
1807,Jeff,Thompson,Registered
4233,Daniel,Thompson,Registered
5022,Keryn,Thompson,Registered
5135,Patrick,Thompson,Registered
5417,Melissa,Thompson,Registered
2573,Tracey,Thompson-Gray,Registered
2666,Shaun,Thompson-Gray,Registered
1963,Michael,Thomson,Registered
5188,Liese,Thomson,Registered
1585,Ian,Thorn,Registered
3714,David,Thornton,Registered
3317,Stephen,Thurman,Registered
3547,Cushla,Thurston,Registered
5429,Liz,Tjahjana,Registered
,,,
3281,Adriana,Toader,Registered
5899,Lawrence,Toaldo,Registered
1720,John,Tocker,Registered
4376,Gary,Todd,Registered
1981,Charles,Tom,Registered
2549,Frank,Tonetti,Registered
3184,Anna,Tong,Registered
5212,Johnson,Tong,Registered
2720,Peter,Townsend,Registered
5125,Peter,Toy,Registered
2762,Aaron,Trembath,Registered
2489,Anton,Tritt,Registered
5403,Nyree,Trollope,Registered
5093,David,Tsao,Registered
3282,Rochelle,Tse,Registered
5086,Irene,Tsui,Registered
5225,Jun,Tsujimoto,Registered
3036,Andrea,Tucker,Registered
2848,Andrew,Tu'inukuafe,Registered
6228,Rory,Tungatt,Registered
3422,Belinda,Tuohy,Registered
5331,Raukura,Turei,Registered
5312,Rowan,Turkington,Registered
5426,Justin,Turnbull,Registered
1841,Dean,Turner,Registered
,,,
2883,Greg,Turner,Registered
5587,Rhondda,Turner,Registered
2465,Simon,Twose,Registered
2816,Caroline,Tyrrell,Registered
5004,Phillip,Tytler,Registered
4236,Martin,Ulenberg,Registered
5594,Joanna,Underwood,Registered
5743,Pritisha,Unka,Registered
2001,Graham,Upton,Registered
1740,Tony,Ussher,Registered
5669,Marsha,Valenta,Registered
4218,James,Valentine,Registered
2791,Christina,van Bohemen,Registered
2493,Fred,van Brandenburg,Registered
2633,John,van Cingel,Registered
6186,Dan,van de Wydeven,Registered
2531,Jasper,van der Lingen,Registered
5554,Francesca,Van der Meer,Registered
5337,Nic,van der Nol,Registered
3493,Martijn,van der Tol,Registered
2894,Paul,van Herpt,Registered
1882,Alex,van Klink,Registered
5041,Abbey,van Rooyen,Registered
5750,Lauren,van Tiel,Registered
4345,Pierre,van Tonder,Registered
,,,
2222,Leo,van Veenendaal,Registered
2439,Raymond,van Wayenburg,Registered
5988,Helene,van Wyk,Registered
3234,Barbara,Van Zyl,Registered
3318,Martin,Varney,Registered
2135,Tony,Varuhas,Registered
5559,Elke,Veeh,Registered
3375,Nick,Veint,Registered
2182,Elwyn,Vela,Registered
3000,Rachel,Venables,Registered
2534,Andrew,Vere-Jones,Registered
5261,Elke,Vermeulen,Registered
5515,Zachary,Vermeulen,Registered
5745,Frances,Vessey,Registered
2824,Luisa,Viettone,Registered
5925,Clayton,Viljoen,Registered
5020,Julie,Villard,Registered
5924,Adria,Villarroya Forts,Registered
1919,Rob,Vorstermans,Registered
4204,Richard,Voss,Registered
2986,Stephen,Voyle,Registered
2308,Mark,Vryenhoek,Registered
3007,Tien Minh,Vu,Registered
2336,Jonathan,Waddy,Registered
3526,Carmel,Wade,Registered
,,,
4317,Jane,Waldegrave,Registered
2884,Erich,Waldmann,Registered
1221,Roger,Walker,Registered
1733,Malcolm,Walker,Registered
2804,Jonathan,Walker,Registered
3017,Julia,Walker,Registered
3489,Carolyn,Walker,Registered
4881,Rebecca,Walker,Registered
4998,Jessica,Walker,Registered
5903,Michelle,Walker,Registered
1865,David,Wallace,Registered
2241,Felicity,Wallace,Registered
3090,Elizabeth,Wallace,Registered
4917,James,Wallace,Registered
5598,Anna,Wallace,Registered
5434,Bernard,Waller,Registered
6126,Sarah,Waller,Registered
2944,Henare,Walmsley,Registered
6229,Genevieve,Walshe,Registered
2713,Martin,Walton,Registered
5901,Clement,Wan,Registered
3185,Harvey,Wang,Registered
5916,Pei,Wang,Registered
6231,Tim,Wang,Registered
1953,Geoff,Ward,Registered
,,,
5887,Andrew,Ward,Registered
1671,John,Wardle,Registered
5269,Tricia,Ware,Registered
5584,Michael,Ware,Registered
5316,Joshua,Warne,Registered
3284,James,Warren,Registered
5223,Mark,Warren,Registered
5575,Max,Warren,Registered
2678,Nick,Warring,Registered
5942,Marc,Warrington,Registered
3229,Mark,Wassung,Registered
3187,Matthew,Waterfall,Registered
3622,Geoff,Waters,Registered
5730,Angela,Watkinson,Registered
2019,Andrew,Watson,Registered
2033,Chris,Watson,Registered
4891,Andrew,Watson,Registered
1284,Gus,Watt,Registered
2744,Trevor,Watt,Registered
3149,Julian,Watt,Registered
3183,Simon,Watts,Registered
3510,Llyween,Watts,Registered
3016,Keryn,Wear,Registered
5506,Will,Weavers,Registered
3167,Lisa,Webb,Registered
,,,
4953,Matthew,Webby,Registered
5367,Claudia,Weber,Registered
1757,Barbara,Webster,Registered
6121,Thomas,Webster,Registered
2281,Grant,Weekes,Registered
6074,Norman,Wei,Registered
5439,Doug,Weir,Registered
1434,Jeffery,Wells,Registered
5376,Kieren,Wells,Registered
2153,Bruce,Welsh,Registered
3552,Kat,West,Registered
4945,Hilary,West,Registered
2825,Barryn,Westfield,Registered
5962,Abbie,Whangapirita,Registered
2386,Andrew,Wheatley,Registered
1856,Stuart,Wheeler,Registered
4982,Joshua,Wheeler,Registered
2075,Jeremy,Whelan,Registered
2799,James,Whetter,Registered
1683,Francis,Whitaker,Registered
5427,Ruth,Whitaker,Registered
3128,Brian,White,Registered
5602,Nicholas,White,Registered
4860,Tom,Whiteman,Registered
2885,Stuart,Whitfield,Registered
,,,
2899,Matthew,Whitmarsh,Registered
2978,Lara,Whitmarsh,Registered
1794,John,Wierenga,Registered
5657,Jorle,Wiesen,Registered
5168,Sean,Wijanto,Registered
2076,Bruce,Wild,Registered
2515,Adam,Wild,Registered
2157,Paul,Wilkins,Registered
2187,Roger,Willard,Registered
1897,Simon,Williams,Registered
5059,Jared,Williams,Registered
5995,Renee,Williamson,Registered
6091,James,Willis,Registered
6226,Victoria,Willocks,Registered
1825,Victor,Wilmar,Registered
1613,Roy,Wilson,Registered
2432,Christopher,Wilson,Registered
2902,Matt,Wilson,Registered
2947,Kyla,Wilson,Registered
3232,Stephen,Wilson,Registered
3460,Glenn,Wilson,Registered
4363,Jonno,Wilson,Registered
2418,Bryan,Windeatt,Registered
3490,Anna,Windsor,Registered
3182,David,Wingate,Registered
,,,
1795,Dennis,Winter,Registered
3285,Karl,Wipatene,Registered
6189,Ben,Wisbey,Registered
1743,Hamish,Wixon,Registered
2769,Elaine,Wong,Registered
3091,Linda,Wong,Registered
3286,Tania,Wong,Registered
3396,Stephen,Wong,Registered
3575,Lauren,Wong,Registered
5795,Joanna,Wong,Registered
2256,Derek,Wong Nam,Registered
5305,Methin,Wongcharupan,Registered
1309,Lindsay,Wood,Registered
4993,Chris,Wood,Registered
2792,Simon,Woodall,Registered
2830,Marc,Woodbury,Registered
3147,Sally,Woods,Registered
5495,Renee,Woods,Registered
1710,Kenneth,Wooff,Registered
2240,Mark,Worner,Registered
2537,Graeme,Wrack,Registered
6144,Leila,Wrathall,Registered
1652,Richard,Wright,Registered
1883,Allan,Wright,Registered
2309,John,Wright,Registered
,,,
3267,Louise,Wright,Registered
3287,Justin,Wright,Registered
4968,Nicola,Wright,Registered
5352,David,Wright,Registered
5650,Ashton,Wright,Registered
5423,Meagan,Wrinch,Registered
3772,Alice,Wu,Registered
6015,Sindy,Wu,Registered
6088,Michael,Wu,Registered
1586,Michael,Wyatt,Registered
5960,Matthew,Wyatt,Registered
2711,Bradley,Wynn,Registered
5248,Rachel Na,Xu,Registered
5842,Claire,Yakas,Registered
5703,Chris,Yandle,Registered
5613,Jason,Yap,Registered
5749,Serene,Yap,Registered
6129,Arfa,Yasin,Registered
4352,Rod,Yeoman,Registered
3233,Kenneth,Yeung,Registered
3431,Kathy,Ying,Registered
2020,Mark,Young,Registered
2329,Eddie,Young,Registered
2733,Wayne,Young,Registered
3118,Niko,Young,Registered
,,,
4937,Greg,Young,Registered
5060,Charlotte,Young,Registered
5092,Frances,Young,Registered
5151,Sally,Young,Registered
5047,Agnes,Yu,Registered
5616,Rachel,Yuan,Registered
5786,Dominic,Yuen,Registered
5762,Karen,Yung,Registered
6073,Steven,Zappia,Registered
5628,Michael,Zaragoza,Registered
2767,Feng,Zhan,Registered
5577,Alice,Zhan,Registered
4952,Rong,Zhang,Registered
5521,Ren Zhi,Zhang,Registered
5566,Connie,Zhang,Registered
5790,Joy Ye,Zhang,Registered
5851,Cici,Zheng,Registered
5268,Kirsten,Zink,Registered
5908,Sam,Zondag,Registered
5818,Helen,Zou,Registered
